Ã¯..dateRep,day,month,year,cases,deaths,countriesAndTerritories,geoId,countryterritoryCode,popData2018,Country
31/03/2020,31,3,2020,0,0,Angola,AO,AGO,30809762,Angola
30/03/2020,30,3,2020,3,2,Angola,AO,AGO,30809762,Angola
29/03/2020,29,3,2020,0,0,Angola,AO,AGO,30809762,Angola
28/03/2020,28,3,2020,1,0,Angola,AO,AGO,30809762,Angola
27/03/2020,27,3,2020,1,0,Angola,AO,AGO,30809762,Angola
26/03/2020,26,3,2020,0,0,Angola,AO,AGO,30809762,Angola
25/03/2020,25,3,2020,0,0,Angola,AO,AGO,30809762,Angola
24/03/2020,24,3,2020,0,0,Angola,AO,AGO,30809762,Angola
23/03/2020,23,3,2020,0,0,Angola,AO,AGO,30809762,Angola
22/03/2020,22,3,2020,2,0,Angola,AO,AGO,30809762,Angola
31/03/2020,31,3,2020,57,2,Algeria,DZ,DZA,42228429,Algeria
30/03/2020,30,3,2020,45,3,Algeria,DZ,DZA,42228429,Algeria
29/03/2020,29,3,2020,104,5,Algeria,DZ,DZA,42228429,Algeria
28/03/2020,28,3,2020,0,0,Algeria,DZ,DZA,42228429,Algeria
27/03/2020,27,3,2020,41,4,Algeria,DZ,DZA,42228429,Algeria
26/03/2020,26,3,2020,33,0,Algeria,DZ,DZA,42228429,Algeria
25/03/2020,25,3,2020,42,0,Algeria,DZ,DZA,42228429,Algeria
24/03/2020,24,3,2020,87,2,Algeria,DZ,DZA,42228429,Algeria
23/03/2020,23,3,2020,8,5,Algeria,DZ,DZA,42228429,Algeria
22/03/2020,22,3,2020,0,0,Algeria,DZ,DZA,42228429,Algeria
21/03/2020,21,3,2020,12,3,Algeria,DZ,DZA,42228429,Algeria
20/03/2020,20,3,2020,9,1,Algeria,DZ,DZA,42228429,Algeria
19/03/2020,19,3,2020,13,1,Algeria,DZ,DZA,42228429,Algeria
18/03/2020,18,3,2020,0,1,Algeria,DZ,DZA,42228429,Algeria
17/03/2020,17,3,2020,12,0,Algeria,DZ,DZA,42228429,Algeria
16/03/2020,16,3,2020,11,2,Algeria,DZ,DZA,42228429,Algeria
15/03/2020,15,3,2020,11,0,Algeria,DZ,DZA,42228429,Algeria
14/03/2020,14,3,2020,2,1,Algeria,DZ,DZA,42228429,Algeria
13/03/2020,13,3,2020,4,1,Algeria,DZ,DZA,42228429,Algeria
12/03/2020,12,3,2020,0,0,Algeria,DZ,DZA,42228429,Algeria
09/03/2020,9,3,2020,3,0,Algeria,DZ,DZA,42228429,Algeria
06/03/2020,6,3,2020,5,0,Algeria,DZ,DZA,42228429,Algeria
05/03/2020,5,3,2020,7,0,Algeria,DZ,DZA,42228429,Algeria
04/03/2020,4,3,2020,2,0,Algeria,DZ,DZA,42228429,Algeria
02/03/2020,2,3,2020,2,0,Algeria,DZ,DZA,42228429,Algeria
01/03/2020,1,3,2020,0,0,Algeria,DZ,DZA,42228429,Algeria
29/02/2020,29,2,2020,0,0,Algeria,DZ,DZA,42228429,Algeria
28/02/2020,28,2,2020,0,0,Algeria,DZ,DZA,42228429,Algeria
27/02/2020,27,2,2020,0,0,Algeria,DZ,DZA,42228429,Algeria
26/02/2020,26,2,2020,1,0,Algeria,DZ,DZA,42228429,Algeria
25/02/2020,25,2,2020,0,0,Algeria,DZ,DZA,42228429,Algeria
24/02/2020,24,2,2020,0,0,Algeria,DZ,DZA,42228429,Algeria
23/02/2020,23,2,2020,0,0,Algeria,DZ,DZA,42228429,Algeria
22/02/2020,22,2,2020,0,0,Algeria,DZ,DZA,42228429,Algeria
21/02/2020,21,2,2020,0,0,Algeria,DZ,DZA,42228429,Algeria
20/02/2020,20,2,2020,0,0,Algeria,DZ,DZA,42228429,Algeria
19/02/2020,19,2,2020,0,0,Algeria,DZ,DZA,42228429,Algeria
18/02/2020,18,2,2020,0,0,Algeria,DZ,DZA,42228429,Algeria
17/02/2020,17,2,2020,0,0,Algeria,DZ,DZA,42228429,Algeria
16/02/2020,16,2,2020,0,0,Algeria,DZ,DZA,42228429,Algeria
15/02/2020,15,2,2020,0,0,Algeria,DZ,DZA,42228429,Algeria
14/02/2020,14,2,2020,0,0,Algeria,DZ,DZA,42228429,Algeria
13/02/2020,13,2,2020,0,0,Algeria,DZ,DZA,42228429,Algeria
12/02/2020,12,2,2020,0,0,Algeria,DZ,DZA,42228429,Algeria
11/02/2020,11,2,2020,0,0,Algeria,DZ,DZA,42228429,Algeria
10/02/2020,10,2,2020,0,0,Algeria,DZ,DZA,42228429,Algeria
09/02/2020,9,2,2020,0,0,Algeria,DZ,DZA,42228429,Algeria
08/02/2020,8,2,2020,0,0,Algeria,DZ,DZA,42228429,Algeria
07/02/2020,7,2,2020,0,0,Algeria,DZ,DZA,42228429,Algeria
06/02/2020,6,2,2020,0,0,Algeria,DZ,DZA,42228429,Algeria
05/02/2020,5,2,2020,0,0,Algeria,DZ,DZA,42228429,Algeria
04/02/2020,4,2,2020,0,0,Algeria,DZ,DZA,42228429,Algeria
03/02/2020,3,2,2020,0,0,Algeria,DZ,DZA,42228429,Algeria
02/02/2020,2,2,2020,0,0,Algeria,DZ,DZA,42228429,Algeria
01/02/2020,1,2,2020,0,0,Algeria,DZ,DZA,42228429,Algeria
31/01/2020,31,1,2020,0,0,Algeria,DZ,DZA,42228429,Algeria
30/01/2020,30,1,2020,0,0,Algeria,DZ,DZA,42228429,Algeria
29/01/2020,29,1,2020,0,0,Algeria,DZ,DZA,42228429,Algeria
28/01/2020,28,1,2020,0,0,Algeria,DZ,DZA,42228429,Algeria
27/01/2020,27,1,2020,0,0,Algeria,DZ,DZA,42228429,Algeria
26/01/2020,26,1,2020,0,0,Algeria,DZ,DZA,42228429,Algeria
25/01/2020,25,1,2020,0,0,Algeria,DZ,DZA,42228429,Algeria
24/01/2020,24,1,2020,0,0,Algeria,DZ,DZA,42228429,Algeria
23/01/2020,23,1,2020,0,0,Algeria,DZ,DZA,42228429,Algeria
22/01/2020,22,1,2020,0,0,Algeria,DZ,DZA,42228429,Algeria
21/01/2020,21,1,2020,0,0,Algeria,DZ,DZA,42228429,Algeria
20/01/2020,20,1,2020,0,0,Algeria,DZ,DZA,42228429,Algeria
19/01/2020,19,1,2020,0,0,Algeria,DZ,DZA,42228429,Algeria
18/01/2020,18,1,2020,0,0,Algeria,DZ,DZA,42228429,Algeria
17/01/2020,17,1,2020,0,0,Algeria,DZ,DZA,42228429,Algeria
16/01/2020,16,1,2020,0,0,Algeria,DZ,DZA,42228429,Algeria
15/01/2020,15,1,2020,0,0,Algeria,DZ,DZA,42228429,Algeria
14/01/2020,14,1,2020,0,0,Algeria,DZ,DZA,42228429,Algeria
13/01/2020,13,1,2020,0,0,Algeria,DZ,DZA,42228429,Algeria
12/01/2020,12,1,2020,0,0,Algeria,DZ,DZA,42228429,Algeria
11/01/2020,11,1,2020,0,0,Algeria,DZ,DZA,42228429,Algeria
10/01/2020,10,1,2020,0,0,Algeria,DZ,DZA,42228429,Algeria
09/01/2020,9,1,2020,0,0,Algeria,DZ,DZA,42228429,Algeria
08/01/2020,8,1,2020,0,0,Algeria,DZ,DZA,42228429,Algeria
07/01/2020,7,1,2020,0,0,Algeria,DZ,DZA,42228429,Algeria
06/01/2020,6,1,2020,0,0,Algeria,DZ,DZA,42228429,Algeria
05/01/2020,5,1,2020,0,0,Algeria,DZ,DZA,42228429,Algeria
04/01/2020,4,1,2020,0,0,Algeria,DZ,DZA,42228429,Algeria
03/01/2020,3,1,2020,0,0,Algeria,DZ,DZA,42228429,Algeria
02/01/2020,2,1,2020,0,0,Algeria,DZ,DZA,42228429,Algeria
01/01/2020,1,1,2020,0,0,Algeria,DZ,DZA,42228429,Algeria
31/12/2019,31,12,2019,0,0,Algeria,DZ,DZA,42228429,Algeria
31/03/2020,31,3,2020,0,0,Benin,BJ,BEN,11485048,Benin
30/03/2020,30,3,2020,0,0,Benin,BJ,BEN,11485048,Benin
29/03/2020,29,3,2020,0,0,Benin,BJ,BEN,11485048,Benin
28/03/2020,28,3,2020,0,0,Benin,BJ,BEN,11485048,Benin
27/03/2020,27,3,2020,1,0,Benin,BJ,BEN,11485048,Benin
26/03/2020,26,3,2020,0,0,Benin,BJ,BEN,11485048,Benin
25/03/2020,25,3,2020,0,0,Benin,BJ,BEN,11485048,Benin
24/03/2020,24,3,2020,3,0,Benin,BJ,BEN,11485048,Benin
23/03/2020,23,3,2020,0,0,Benin,BJ,BEN,11485048,Benin
22/03/2020,22,3,2020,0,0,Benin,BJ,BEN,11485048,Benin
21/03/2020,21,3,2020,0,0,Benin,BJ,BEN,11485048,Benin
20/03/2020,20,3,2020,1,0,Benin,BJ,BEN,11485048,Benin
19/03/2020,19,3,2020,0,0,Benin,BJ,BEN,11485048,Benin
18/03/2020,18,3,2020,0,0,Benin,BJ,BEN,11485048,Benin
17/03/2020,17,3,2020,1,0,Benin,BJ,BEN,11485048,Benin
31/03/2020,31,3,2020,42,3,Burkina_Faso,BF,BFA,19751535,Burkina Faso
30/03/2020,30,3,2020,0,0,Burkina_Faso,BF,BFA,19751535,Burkina Faso
29/03/2020,29,3,2020,34,6,Burkina_Faso,BF,BFA,19751535,Burkina Faso
28/03/2020,28,3,2020,0,0,Burkina_Faso,BF,BFA,19751535,Burkina Faso
27/03/2020,27,3,2020,32,0,Burkina_Faso,BF,BFA,19751535,Burkina Faso
26/03/2020,26,3,2020,15,0,Burkina_Faso,BF,BFA,19751535,Burkina Faso
25/03/2020,25,3,2020,24,0,Burkina_Faso,BF,BFA,19751535,Burkina Faso
24/03/2020,24,3,2020,11,0,Burkina_Faso,BF,BFA,19751535,Burkina Faso
23/03/2020,23,3,2020,0,0,Burkina_Faso,BF,BFA,19751535,Burkina Faso
22/03/2020,22,3,2020,24,2,Burkina_Faso,BF,BFA,19751535,Burkina Faso
21/03/2020,21,3,2020,7,0,Burkina_Faso,BF,BFA,19751535,Burkina Faso
20/03/2020,20,3,2020,7,0,Burkina_Faso,BF,BFA,19751535,Burkina Faso
19/03/2020,19,3,2020,6,1,Burkina_Faso,BF,BFA,19751535,Burkina Faso
18/03/2020,18,3,2020,0,0,Burkina_Faso,BF,BFA,19751535,Burkina Faso
17/03/2020,17,3,2020,17,0,Burkina_Faso,BF,BFA,19751535,Burkina Faso
16/03/2020,16,3,2020,0,0,Burkina_Faso,BF,BFA,19751535,Burkina Faso
15/03/2020,15,3,2020,1,0,Burkina_Faso,BF,BFA,19751535,Burkina Faso
12/03/2020,12,3,2020,0,0,Burkina_Faso,BF,BFA,19751535,Burkina Faso
11/03/2020,11,3,2020,2,0,Burkina_Faso,BF,BFA,19751535,Burkina Faso
31/03/2020,31,3,2020,43,0,Cameroon,CM,CMR,25216237,Cabo Verde
30/03/2020,30,3,2020,0,0,Cameroon,CM,CMR,25216237,Cabo Verde
29/03/2020,29,3,2020,11,1,Cameroon,CM,CMR,25216237,Cabo Verde
28/03/2020,28,3,2020,0,0,Cameroon,CM,CMR,25216237,Cabo Verde
27/03/2020,27,3,2020,16,0,Cameroon,CM,CMR,25216237,Cabo Verde
26/03/2020,26,3,2020,0,0,Cameroon,CM,CMR,25216237,Cabo Verde
25/03/2020,25,3,2020,16,1,Cameroon,CM,CMR,25216237,Cabo Verde
24/03/2020,24,3,2020,29,0,Cameroon,CM,CMR,25216237,Cabo Verde
23/03/2020,23,3,2020,0,0,Cameroon,CM,CMR,25216237,Cabo Verde
22/03/2020,22,3,2020,0,0,Cameroon,CM,CMR,25216237,Cabo Verde
21/03/2020,21,3,2020,13,0,Cameroon,CM,CMR,25216237,Cabo Verde
20/03/2020,20,3,2020,4,0,Cameroon,CM,CMR,25216237,Cabo Verde
19/03/2020,19,3,2020,0,0,Cameroon,CM,CMR,25216237,Cabo Verde
18/03/2020,18,3,2020,6,0,Cameroon,CM,CMR,25216237,Cabo Verde
17/03/2020,17,3,2020,0,0,Cameroon,CM,CMR,25216237,Cabo Verde
16/03/2020,16,3,2020,1,0,Cameroon,CM,CMR,25216237,Cabo Verde
15/03/2020,15,3,2020,1,0,Cameroon,CM,CMR,25216237,Cabo Verde
09/03/2020,9,3,2020,1,0,Cameroon,CM,CMR,25216237,Cabo Verde
07/03/2020,7,3,2020,1,0,Cameroon,CM,CMR,25216237,Cabo Verde
31/03/2020,31,3,2020,0,0,Cape_Verde,CV,CPV,543767,Cameroon
30/03/2020,30,3,2020,0,0,Cape_Verde,CV,CPV,543767,Cameroon
29/03/2020,29,3,2020,0,0,Cape_Verde,CV,CPV,543767,Cameroon
28/03/2020,28,3,2020,0,0,Cape_Verde,CV,CPV,543767,Cameroon
27/03/2020,27,3,2020,1,0,Cape_Verde,CV,CPV,543767,Cameroon
26/03/2020,26,3,2020,1,0,Cape_Verde,CV,CPV,543767,Cameroon
25/03/2020,25,3,2020,0,1,Cape_Verde,CV,CPV,543767,Cameroon
24/03/2020,24,3,2020,0,0,Cape_Verde,CV,CPV,543767,Cameroon
23/03/2020,23,3,2020,0,0,Cape_Verde,CV,CPV,543767,Cameroon
22/03/2020,22,3,2020,1,0,Cape_Verde,CV,CPV,543767,Cameroon
21/03/2020,21,3,2020,2,0,Cape_Verde,CV,CPV,543767,Cameroon
31/03/2020,31,3,2020,0,0,Central_African_Republic,CF,CAF,4666377,Central African Republic
30/03/2020,30,3,2020,0,0,Central_African_Republic,CF,CAF,4666377,Central African Republic
29/03/2020,29,3,2020,1,0,Central_African_Republic,CF,CAF,4666377,Central African Republic
28/03/2020,28,3,2020,0,0,Central_African_Republic,CF,CAF,4666377,Central African Republic
27/03/2020,27,3,2020,1,0,Central_African_Republic,CF,CAF,4666377,Central African Republic
26/03/2020,26,3,2020,0,0,Central_African_Republic,CF,CAF,4666377,Central African Republic
25/03/2020,25,3,2020,0,0,Central_African_Republic,CF,CAF,4666377,Central African Republic
24/03/2020,24,3,2020,0,0,Central_African_Republic,CF,CAF,4666377,Central African Republic
23/03/2020,23,3,2020,1,0,Central_African_Republic,CF,CAF,4666377,Central African Republic
22/03/2020,22,3,2020,2,0,Central_African_Republic,CF,CAF,4666377,Central African Republic
21/03/2020,21,3,2020,0,0,Central_African_Republic,CF,CAF,4666377,Central African Republic
20/03/2020,20,3,2020,0,0,Central_African_Republic,CF,CAF,4666377,Central African Republic
19/03/2020,19,3,2020,0,0,Central_African_Republic,CF,CAF,4666377,Central African Republic
18/03/2020,18,3,2020,0,0,Central_African_Republic,CF,CAF,4666377,Central African Republic
17/03/2020,17,3,2020,0,0,Central_African_Republic,CF,CAF,4666377,Central African Republic
16/03/2020,16,3,2020,1,0,Central_African_Republic,CF,CAF,4666377,Central African Republic
31/03/2020,31,3,2020,2,0,Chad,TD,TCD,15477751,Chad
30/03/2020,30,3,2020,0,0,Chad,TD,TCD,15477751,Chad
29/03/2020,29,3,2020,0,0,Chad,TD,TCD,15477751,Chad
28/03/2020,28,3,2020,0,0,Chad,TD,TCD,15477751,Chad
27/03/2020,27,3,2020,2,0,Chad,TD,TCD,15477751,Chad
26/03/2020,26,3,2020,0,0,Chad,TD,TCD,15477751,Chad
25/03/2020,25,3,2020,1,0,Chad,TD,TCD,15477751,Chad
24/03/2020,24,3,2020,0,0,Chad,TD,TCD,15477751,Chad
23/03/2020,23,3,2020,0,0,Chad,TD,TCD,15477751,Chad
22/03/2020,22,3,2020,1,0,Chad,TD,TCD,15477751,Chad
21/03/2020,21,3,2020,0,0,Chad,TD,TCD,15477751,Chad
20/03/2020,20,3,2020,1,0,Chad,TD,TCD,15477751,Chad
31/03/2020,31,3,2020,0,0,Congo,CG,COG,5244363,Congo
30/03/2020,30,3,2020,0,0,Congo,CG,COG,5244363,Congo
29/03/2020,29,3,2020,15,0,Congo,CG,COG,5244363,Congo
28/03/2020,28,3,2020,0,0,Congo,CG,COG,5244363,Congo
27/03/2020,27,3,2020,0,0,Congo,CG,COG,5244363,Congo
26/03/2020,26,3,2020,0,0,Congo,CG,COG,5244363,Congo
25/03/2020,25,3,2020,0,0,Congo,CG,COG,5244363,Congo
24/03/2020,24,3,2020,0,0,Congo,CG,COG,5244363,Congo
23/03/2020,23,3,2020,0,0,Congo,CG,COG,5244363,Congo
22/03/2020,22,3,2020,1,0,Congo,CG,COG,5244363,Congo
21/03/2020,21,3,2020,0,0,Congo,CG,COG,5244363,Congo
20/03/2020,20,3,2020,0,0,Congo,CG,COG,5244363,Congo
19/03/2020,19,3,2020,2,0,Congo,CG,COG,5244363,Congo
18/03/2020,18,3,2020,0,0,Congo,CG,COG,5244363,Congo
17/03/2020,17,3,2020,0,0,Congo,CG,COG,5244363,Congo
16/03/2020,16,3,2020,1,0,Congo,CG,COG,5244363,Congo
31/03/2020,31,3,2020,3,0,Cote_dIvoire,CI,CIV,25069229,Cote d'Ivoire
30/03/2020,30,3,2020,25,1,Cote_dIvoire,CI,CIV,25069229,Cote d'Ivoire
29/03/2020,29,3,2020,39,0,Cote_dIvoire,CI,CIV,25069229,Cote d'Ivoire
28/03/2020,28,3,2020,5,0,Cote_dIvoire,CI,CIV,25069229,Cote d'Ivoire
27/03/2020,27,3,2020,16,0,Cote_dIvoire,CI,CIV,25069229,Cote d'Ivoire
26/03/2020,26,3,2020,7,0,Cote_dIvoire,CI,CIV,25069229,Cote d'Ivoire
25/03/2020,25,3,2020,48,0,Cote_dIvoire,CI,CIV,25069229,Cote d'Ivoire
24/03/2020,24,3,2020,0,0,Cote_dIvoire,CI,CIV,25069229,Cote d'Ivoire
23/03/2020,23,3,2020,8,0,Cote_dIvoire,CI,CIV,25069229,Cote d'Ivoire
22/03/2020,22,3,2020,3,0,Cote_dIvoire,CI,CIV,25069229,Cote d'Ivoire
21/03/2020,21,3,2020,5,0,Cote_dIvoire,CI,CIV,25069229,Cote d'Ivoire
20/03/2020,20,3,2020,3,0,Cote_dIvoire,CI,CIV,25069229,Cote d'Ivoire
19/03/2020,19,3,2020,1,0,Cote_dIvoire,CI,CIV,25069229,Cote d'Ivoire
18/03/2020,18,3,2020,0,0,Cote_dIvoire,CI,CIV,25069229,Cote d'Ivoire
17/03/2020,17,3,2020,1,0,Cote_dIvoire,CI,CIV,25069229,Cote d'Ivoire
16/03/2020,16,3,2020,0,0,Cote_dIvoire,CI,CIV,25069229,Cote d'Ivoire
15/03/2020,15,3,2020,3,0,Cote_dIvoire,CI,CIV,25069229,Cote d'Ivoire
12/03/2020,12,3,2020,1,0,Cote_dIvoire,CI,CIV,25069229,Cote d'Ivoire
31/03/2020,31,3,2020,17,0,Democratic_Republic_of_the_Congo,CD,COD,84068091,Democratic Republic of Congo
30/03/2020,30,3,2020,23,2,Democratic_Republic_of_the_Congo,CD,COD,84068091,Democratic Republic of Congo
29/03/2020,29,3,2020,0,2,Democratic_Republic_of_the_Congo,CD,COD,84068091,Democratic Republic of Congo
28/03/2020,28,3,2020,4,0,Democratic_Republic_of_the_Congo,CD,COD,84068091,Democratic Republic of Congo
27/03/2020,27,3,2020,9,1,Democratic_Republic_of_the_Congo,CD,COD,84068091,Democratic Republic of Congo
26/03/2020,26,3,2020,0,0,Democratic_Republic_of_the_Congo,CD,COD,84068091,Democratic Republic of Congo
25/03/2020,25,3,2020,19,1,Democratic_Republic_of_the_Congo,CD,COD,84068091,Democratic Republic of Congo
24/03/2020,24,3,2020,0,0,Democratic_Republic_of_the_Congo,CD,COD,84068091,Democratic Republic of Congo
23/03/2020,23,3,2020,3,1,Democratic_Republic_of_the_Congo,CD,COD,84068091,Democratic Republic of Congo
22/03/2020,22,3,2020,9,1,Democratic_Republic_of_the_Congo,CD,COD,84068091,Democratic Republic of Congo
21/03/2020,21,3,2020,0,0,Democratic_Republic_of_the_Congo,CD,COD,84068091,Democratic Republic of Congo
20/03/2020,20,3,2020,0,0,Democratic_Republic_of_the_Congo,CD,COD,84068091,Democratic Republic of Congo
19/03/2020,19,3,2020,11,0,Democratic_Republic_of_the_Congo,CD,COD,84068091,Democratic Republic of Congo
18/03/2020,18,3,2020,0,0,Democratic_Republic_of_the_Congo,CD,COD,84068091,Democratic Republic of Congo
17/03/2020,17,3,2020,1,0,Democratic_Republic_of_the_Congo,CD,COD,84068091,Democratic Republic of Congo
16/03/2020,16,3,2020,0,0,Democratic_Republic_of_the_Congo,CD,COD,84068091,Democratic Republic of Congo
15/03/2020,15,3,2020,0,0,Democratic_Republic_of_the_Congo,CD,COD,84068091,Democratic Republic of Congo
14/03/2020,14,3,2020,1,0,Democratic_Republic_of_the_Congo,CD,COD,84068091,Democratic Republic of Congo
11/03/2020,11,3,2020,1,0,Democratic_Republic_of_the_Congo,CD,COD,84068091,Democratic Republic of Congo
31/03/2020,31,3,2020,0,0,Equatorial_Guinea,GQ,GNQ,1308974,Equatorial Guinea
30/03/2020,30,3,2020,1,0,Equatorial_Guinea,GQ,GNQ,1308974,Equatorial Guinea
29/03/2020,29,3,2020,0,0,Equatorial_Guinea,GQ,GNQ,1308974,Equatorial Guinea
28/03/2020,28,3,2020,1,0,Equatorial_Guinea,GQ,GNQ,1308974,Equatorial Guinea
27/03/2020,27,3,2020,1,0,Equatorial_Guinea,GQ,GNQ,1308974,Equatorial Guinea
26/03/2020,26,3,2020,2,0,Equatorial_Guinea,GQ,GNQ,1308974,Equatorial Guinea
25/03/2020,25,3,2020,0,0,Equatorial_Guinea,GQ,GNQ,1308974,Equatorial Guinea
24/03/2020,24,3,2020,3,0,Equatorial_Guinea,GQ,GNQ,1308974,Equatorial Guinea
23/03/2020,23,3,2020,0,0,Equatorial_Guinea,GQ,GNQ,1308974,Equatorial Guinea
22/03/2020,22,3,2020,2,0,Equatorial_Guinea,GQ,GNQ,1308974,Equatorial Guinea
21/03/2020,21,3,2020,0,0,Equatorial_Guinea,GQ,GNQ,1308974,Equatorial Guinea
20/03/2020,20,3,2020,1,0,Equatorial_Guinea,GQ,GNQ,1308974,Equatorial Guinea
19/03/2020,19,3,2020,2,0,Equatorial_Guinea,GQ,GNQ,1308974,Equatorial Guinea
18/03/2020,18,3,2020,0,0,Equatorial_Guinea,GQ,GNQ,1308974,Equatorial Guinea
17/03/2020,17,3,2020,0,0,Equatorial_Guinea,GQ,GNQ,1308974,Equatorial Guinea
16/03/2020,16,3,2020,0,0,Equatorial_Guinea,GQ,GNQ,1308974,Equatorial Guinea
15/03/2020,15,3,2020,1,0,Equatorial_Guinea,GQ,GNQ,1308974,Equatorial Guinea
31/03/2020,31,3,2020,0,0,Eritrea,ER,ERI,NA,Eritrea
30/03/2020,30,3,2020,6,0,Eritrea,ER,ERI,NA,Eritrea
29/03/2020,29,3,2020,0,0,Eritrea,ER,ERI,NA,Eritrea
28/03/2020,28,3,2020,0,0,Eritrea,ER,ERI,NA,Eritrea
27/03/2020,27,3,2020,2,0,Eritrea,ER,ERI,NA,Eritrea
26/03/2020,26,3,2020,3,0,Eritrea,ER,ERI,NA,Eritrea
25/03/2020,25,3,2020,0,0,Eritrea,ER,ERI,NA,Eritrea
24/03/2020,24,3,2020,0,0,Eritrea,ER,ERI,NA,Eritrea
23/03/2020,23,3,2020,0,0,Eritrea,ER,ERI,NA,Eritrea
22/03/2020,22,3,2020,1,0,Eritrea,ER,ERI,NA,Eritrea
31/03/2020,31,3,2020,0,0,Eswatini,SZ,SWZ,1367000,Eswatini
30/03/2020,30,3,2020,0,0,Eswatini,SZ,SWZ,1367000,Eswatini
29/03/2020,29,3,2020,0,0,Eswatini,SZ,SWZ,1367000,Eswatini
28/03/2020,28,3,2020,3,0,Eswatini,SZ,SWZ,1367000,Eswatini
27/03/2020,27,3,2020,2,0,Eswatini,SZ,SWZ,1367000,Eswatini
26/03/2020,26,3,2020,0,0,Eswatini,SZ,SWZ,1367000,Eswatini
25/03/2020,25,3,2020,0,0,Eswatini,SZ,SWZ,1367000,Eswatini
24/03/2020,24,3,2020,0,0,Eswatini,SZ,SWZ,1367000,Eswatini
23/03/2020,23,3,2020,3,0,Eswatini,SZ,SWZ,1367000,Eswatini
22/03/2020,22,3,2020,0,0,Eswatini,SZ,SWZ,1367000,Eswatini
21/03/2020,21,3,2020,0,0,Eswatini,SZ,SWZ,1367000,Eswatini
20/03/2020,20,3,2020,0,0,Eswatini,SZ,SWZ,1367000,Eswatini
19/03/2020,19,3,2020,0,0,Eswatini,SZ,SWZ,1367000,Eswatini
18/03/2020,18,3,2020,0,0,Eswatini,SZ,SWZ,1367000,Eswatini
17/03/2020,17,3,2020,0,0,Eswatini,SZ,SWZ,1367000,Eswatini
16/03/2020,16,3,2020,0,0,Eswatini,SZ,SWZ,1367000,Eswatini
15/03/2020,15,3,2020,1,0,Eswatini,SZ,SWZ,1367000,Eswatini
31/03/2020,31,3,2020,7,0,Ethiopia,ET,ETH,109224559,Ethiopia
30/03/2020,30,3,2020,0,0,Ethiopia,ET,ETH,109224559,Ethiopia
29/03/2020,29,3,2020,0,0,Ethiopia,ET,ETH,109224559,Ethiopia
28/03/2020,28,3,2020,4,0,Ethiopia,ET,ETH,109224559,Ethiopia
27/03/2020,27,3,2020,0,0,Ethiopia,ET,ETH,109224559,Ethiopia
26/03/2020,26,3,2020,1,0,Ethiopia,ET,ETH,109224559,Ethiopia
25/03/2020,25,3,2020,0,0,Ethiopia,ET,ETH,109224559,Ethiopia
24/03/2020,24,3,2020,0,0,Ethiopia,ET,ETH,109224559,Ethiopia
23/03/2020,23,3,2020,2,0,Ethiopia,ET,ETH,109224559,Ethiopia
22/03/2020,22,3,2020,0,0,Ethiopia,ET,ETH,109224559,Ethiopia
21/03/2020,21,3,2020,2,0,Ethiopia,ET,ETH,109224559,Ethiopia
20/03/2020,20,3,2020,1,0,Ethiopia,ET,ETH,109224559,Ethiopia
19/03/2020,19,3,2020,1,0,Ethiopia,ET,ETH,109224559,Ethiopia
18/03/2020,18,3,2020,0,0,Ethiopia,ET,ETH,109224559,Ethiopia
17/03/2020,17,3,2020,1,0,Ethiopia,ET,ETH,109224559,Ethiopia
16/03/2020,16,3,2020,3,0,Ethiopia,ET,ETH,109224559,Ethiopia
15/03/2020,15,3,2020,0,0,Ethiopia,ET,ETH,109224559,Ethiopia
14/03/2020,14,3,2020,1,0,Ethiopia,ET,ETH,109224559,Ethiopia
31/03/2020,31,3,2020,0,0,Gabon,GA,GAB,2119275,Gabon
30/03/2020,30,3,2020,0,0,Gabon,GA,GAB,2119275,Gabon
29/03/2020,29,3,2020,0,0,Gabon,GA,GAB,2119275,Gabon
28/03/2020,28,3,2020,0,0,Gabon,GA,GAB,2119275,Gabon
27/03/2020,27,3,2020,1,0,Gabon,GA,GAB,2119275,Gabon
26/03/2020,26,3,2020,0,0,Gabon,GA,GAB,2119275,Gabon
25/03/2020,25,3,2020,0,0,Gabon,GA,GAB,2119275,Gabon
24/03/2020,24,3,2020,0,0,Gabon,GA,GAB,2119275,Gabon
23/03/2020,23,3,2020,3,0,Gabon,GA,GAB,2119275,Gabon
22/03/2020,22,3,2020,0,0,Gabon,GA,GAB,2119275,Gabon
21/03/2020,21,3,2020,0,1,Gabon,GA,GAB,2119275,Gabon
20/03/2020,20,3,2020,0,0,Gabon,GA,GAB,2119275,Gabon
19/03/2020,19,3,2020,2,0,Gabon,GA,GAB,2119275,Gabon
18/03/2020,18,3,2020,0,0,Gabon,GA,GAB,2119275,Gabon
17/03/2020,17,3,2020,0,0,Gabon,GA,GAB,2119275,Gabon
16/03/2020,16,3,2020,0,0,Gabon,GA,GAB,2119275,Gabon
15/03/2020,15,3,2020,0,0,Gabon,GA,GAB,2119275,Gabon
13/03/2020,13,3,2020,1,0,Gabon,GA,GAB,2119275,Gabon
31/03/2020,31,3,2020,1,0,Gambia,GM,GMB,2280102,Gambia
30/03/2020,30,3,2020,0,0,Gambia,GM,GMB,2280102,Gambia
29/03/2020,29,3,2020,0,0,Gambia,GM,GMB,2280102,Gambia
28/03/2020,28,3,2020,0,0,Gambia,GM,GMB,2280102,Gambia
27/03/2020,27,3,2020,0,0,Gambia,GM,GMB,2280102,Gambia
26/03/2020,26,3,2020,0,0,Gambia,GM,GMB,2280102,Gambia
25/03/2020,25,3,2020,1,0,Gambia,GM,GMB,2280102,Gambia
24/03/2020,24,3,2020,1,1,Gambia,GM,GMB,2280102,Gambia
23/03/2020,23,3,2020,0,0,Gambia,GM,GMB,2280102,Gambia
22/03/2020,22,3,2020,0,0,Gambia,GM,GMB,2280102,Gambia
21/03/2020,21,3,2020,0,0,Gambia,GM,GMB,2280102,Gambia
20/03/2020,20,3,2020,0,0,Gambia,GM,GMB,2280102,Gambia
19/03/2020,19,3,2020,0,0,Gambia,GM,GMB,2280102,Gambia
18/03/2020,18,3,2020,1,0,Gambia,GM,GMB,2280102,Gambia
31/03/2020,31,3,2020,0,0,Ghana,GH,GHA,29767108,Ghana
30/03/2020,30,3,2020,11,0,Ghana,GH,GHA,29767108,Ghana
29/03/2020,29,3,2020,4,2,Ghana,GH,GHA,29767108,Ghana
28/03/2020,28,3,2020,5,0,Ghana,GH,GHA,29767108,Ghana
27/03/2020,27,3,2020,64,0,Ghana,GH,GHA,29767108,Ghana
26/03/2020,26,3,2020,15,1,Ghana,GH,GHA,29767108,Ghana
25/03/2020,25,3,2020,26,0,Ghana,GH,GHA,29767108,Ghana
24/03/2020,24,3,2020,3,1,Ghana,GH,GHA,29767108,Ghana
23/03/2020,23,3,2020,3,0,Ghana,GH,GHA,29767108,Ghana
22/03/2020,22,3,2020,5,1,Ghana,GH,GHA,29767108,Ghana
21/03/2020,21,3,2020,5,0,Ghana,GH,GHA,29767108,Ghana
20/03/2020,20,3,2020,4,0,Ghana,GH,GHA,29767108,Ghana
19/03/2020,19,3,2020,1,0,Ghana,GH,GHA,29767108,Ghana
18/03/2020,18,3,2020,0,0,Ghana,GH,GHA,29767108,Ghana
17/03/2020,17,3,2020,4,0,Ghana,GH,GHA,29767108,Ghana
16/03/2020,16,3,2020,0,0,Ghana,GH,GHA,29767108,Ghana
15/03/2020,15,3,2020,0,0,Ghana,GH,GHA,29767108,Ghana
13/03/2020,13,3,2020,2,0,Ghana,GH,GHA,29767108,Ghana
31/03/2020,31,3,2020,8,0,Guinea,GN,GIN,12414318,Guinea
30/03/2020,30,3,2020,0,0,Guinea,GN,GIN,12414318,Guinea
29/03/2020,29,3,2020,3,0,Guinea,GN,GIN,12414318,Guinea
28/03/2020,28,3,2020,0,0,Guinea,GN,GIN,12414318,Guinea
27/03/2020,27,3,2020,1,0,Guinea,GN,GIN,12414318,Guinea
26/03/2020,26,3,2020,0,0,Guinea,GN,GIN,12414318,Guinea
25/03/2020,25,3,2020,2,0,Guinea,GN,GIN,12414318,Guinea
24/03/2020,24,3,2020,0,0,Guinea,GN,GIN,12414318,Guinea
23/03/2020,23,3,2020,0,0,Guinea,GN,GIN,12414318,Guinea
22/03/2020,22,3,2020,0,0,Guinea,GN,GIN,12414318,Guinea
21/03/2020,21,3,2020,1,0,Guinea,GN,GIN,12414318,Guinea
20/03/2020,20,3,2020,0,0,Guinea,GN,GIN,12414318,Guinea
19/03/2020,19,3,2020,0,0,Guinea,GN,GIN,12414318,Guinea
18/03/2020,18,3,2020,0,0,Guinea,GN,GIN,12414318,Guinea
17/03/2020,17,3,2020,0,0,Guinea,GN,GIN,12414318,Guinea
15/03/2020,15,3,2020,0,0,Guinea,GN,GIN,12414318,Guinea
14/03/2020,14,3,2020,1,0,Guinea,GN,GIN,12414318,Guinea
31/03/2020,31,3,2020,0,0,Guinea_Bissau,GW,GNB,1874309,Guinea Bissau
30/03/2020,30,3,2020,0,0,Guinea_Bissau,GW,GNB,1874309,Guinea Bissau
29/03/2020,29,3,2020,0,0,Guinea_Bissau,GW,GNB,1874309,Guinea Bissau
28/03/2020,28,3,2020,0,0,Guinea_Bissau,GW,GNB,1874309,Guinea Bissau
27/03/2020,27,3,2020,2,0,Guinea_Bissau,GW,GNB,1874309,Guinea Bissau
31/03/2020,31,3,2020,8,0,Kenya,KE,KEN,51393010,Kenya
30/03/2020,30,3,2020,4,0,Kenya,KE,KEN,51393010,Kenya
29/03/2020,29,3,2020,7,0,Kenya,KE,KEN,51393010,Kenya
28/03/2020,28,3,2020,0,0,Kenya,KE,KEN,51393010,Kenya
27/03/2020,27,3,2020,6,1,Kenya,KE,KEN,51393010,Kenya
26/03/2020,26,3,2020,0,0,Kenya,KE,KEN,51393010,Kenya
25/03/2020,25,3,2020,9,0,Kenya,KE,KEN,51393010,Kenya
24/03/2020,24,3,2020,1,0,Kenya,KE,KEN,51393010,Kenya
23/03/2020,23,3,2020,8,0,Kenya,KE,KEN,51393010,Kenya
22/03/2020,22,3,2020,0,0,Kenya,KE,KEN,51393010,Kenya
21/03/2020,21,3,2020,0,0,Kenya,KE,KEN,51393010,Kenya
20/03/2020,20,3,2020,0,0,Kenya,KE,KEN,51393010,Kenya
19/03/2020,19,3,2020,3,0,Kenya,KE,KEN,51393010,Kenya
18/03/2020,18,3,2020,1,0,Kenya,KE,KEN,51393010,Kenya
17/03/2020,17,3,2020,0,0,Kenya,KE,KEN,51393010,Kenya
16/03/2020,16,3,2020,2,0,Kenya,KE,KEN,51393010,Kenya
15/03/2020,15,3,2020,0,0,Kenya,KE,KEN,51393010,Kenya
14/03/2020,14,3,2020,1,0,Kenya,KE,KEN,51393010,Kenya
31/03/2020,31,3,2020,0,0,Liberia,LR,LBR,4818977,Liberia
30/03/2020,30,3,2020,0,0,Liberia,LR,LBR,4818977,Liberia
29/03/2020,29,3,2020,0,0,Liberia,LR,LBR,4818977,Liberia
28/03/2020,28,3,2020,0,0,Liberia,LR,LBR,4818977,Liberia
27/03/2020,27,3,2020,0,0,Liberia,LR,LBR,4818977,Liberia
26/03/2020,26,3,2020,0,0,Liberia,LR,LBR,4818977,Liberia
25/03/2020,25,3,2020,0,0,Liberia,LR,LBR,4818977,Liberia
24/03/2020,24,3,2020,0,0,Liberia,LR,LBR,4818977,Liberia
23/03/2020,23,3,2020,0,0,Liberia,LR,LBR,4818977,Liberia
22/03/2020,22,3,2020,1,0,Liberia,LR,LBR,4818977,Liberia
21/03/2020,21,3,2020,0,0,Liberia,LR,LBR,4818977,Liberia
20/03/2020,20,3,2020,0,0,Liberia,LR,LBR,4818977,Liberia
19/03/2020,19,3,2020,0,0,Liberia,LR,LBR,4818977,Liberia
18/03/2020,18,3,2020,1,0,Liberia,LR,LBR,4818977,Liberia
17/03/2020,17,3,2020,1,0,Liberia,LR,LBR,4818977,Liberia
31/03/2020,31,3,2020,7,0,Madagascar,MG,MDG,26262368,Madagascar
30/03/2020,30,3,2020,9,0,Madagascar,MG,MDG,26262368,Madagascar
29/03/2020,29,3,2020,4,0,Madagascar,MG,MDG,26262368,Madagascar
28/03/2020,28,3,2020,1,0,Madagascar,MG,MDG,26262368,Madagascar
27/03/2020,27,3,2020,4,0,Madagascar,MG,MDG,26262368,Madagascar
26/03/2020,26,3,2020,0,0,Madagascar,MG,MDG,26262368,Madagascar
25/03/2020,25,3,2020,2,0,Madagascar,MG,MDG,26262368,Madagascar
24/03/2020,24,3,2020,14,0,Madagascar,MG,MDG,26262368,Madagascar
23/03/2020,23,3,2020,0,0,Madagascar,MG,MDG,26262368,Madagascar
22/03/2020,22,3,2020,0,0,Madagascar,MG,MDG,26262368,Madagascar
21/03/2020,21,3,2020,3,0,Madagascar,MG,MDG,26262368,Madagascar
31/03/2020,31,3,2020,0,0,Mali,ML,MLI,19077690,Mali
30/03/2020,30,3,2020,9,0,Mali,ML,MLI,19077690,Mali
29/03/2020,29,3,2020,5,0,Mali,ML,MLI,19077690,Mali
28/03/2020,28,3,2020,0,0,Mali,ML,MLI,19077690,Mali
27/03/2020,27,3,2020,2,0,Mali,ML,MLI,19077690,Mali
26/03/2020,26,3,2020,2,0,Mali,ML,MLI,19077690,Mali
31/03/2020,31,3,2020,0,0,Mauritania,MR,MRT,4403319,Mauritania
30/03/2020,30,3,2020,0,0,Mauritania,MR,MRT,4403319,Mauritania
29/03/2020,29,3,2020,2,0,Mauritania,MR,MRT,4403319,Mauritania
28/03/2020,28,3,2020,0,0,Mauritania,MR,MRT,4403319,Mauritania
27/03/2020,27,3,2020,1,0,Mauritania,MR,MRT,4403319,Mauritania
26/03/2020,26,3,2020,0,0,Mauritania,MR,MRT,4403319,Mauritania
25/03/2020,25,3,2020,0,0,Mauritania,MR,MRT,4403319,Mauritania
24/03/2020,24,3,2020,0,0,Mauritania,MR,MRT,4403319,Mauritania
23/03/2020,23,3,2020,0,0,Mauritania,MR,MRT,4403319,Mauritania
22/03/2020,22,3,2020,0,0,Mauritania,MR,MRT,4403319,Mauritania
21/03/2020,21,3,2020,0,0,Mauritania,MR,MRT,4403319,Mauritania
20/03/2020,20,3,2020,1,0,Mauritania,MR,MRT,4403319,Mauritania
19/03/2020,19,3,2020,0,0,Mauritania,MR,MRT,4403319,Mauritania
18/03/2020,18,3,2020,0,0,Mauritania,MR,MRT,4403319,Mauritania
17/03/2020,17,3,2020,0,0,Mauritania,MR,MRT,4403319,Mauritania
16/03/2020,16,3,2020,0,0,Mauritania,MR,MRT,4403319,Mauritania
15/03/2020,15,3,2020,1,0,Mauritania,MR,MRT,4403319,Mauritania
31/03/2020,31,3,2020,18,0,Mauritius,MU,MUS,1265303,Mauritius
30/03/2020,30,3,2020,8,1,Mauritius,MU,MUS,1265303,Mauritius
29/03/2020,29,3,2020,8,0,Mauritius,MU,MUS,1265303,Mauritius
28/03/2020,28,3,2020,13,0,Mauritius,MU,MUS,1265303,Mauritius
27/03/2020,27,3,2020,33,0,Mauritius,MU,MUS,1265303,Mauritius
26/03/2020,26,3,2020,6,0,Mauritius,MU,MUS,1265303,Mauritius
25/03/2020,25,3,2020,6,0,Mauritius,MU,MUS,1265303,Mauritius
24/03/2020,24,3,2020,8,0,Mauritius,MU,MUS,1265303,Mauritius
23/03/2020,23,3,2020,14,1,Mauritius,MU,MUS,1265303,Mauritius
22/03/2020,22,3,2020,2,1,Mauritius,MU,MUS,1265303,Mauritius
21/03/2020,21,3,2020,9,0,Mauritius,MU,MUS,1265303,Mauritius
20/03/2020,20,3,2020,3,0,Mauritius,MU,MUS,1265303,Mauritius
31/03/2020,31,3,2020,0,0,Mozambique,MZ,MOZ,29495962,Mozambique
30/03/2020,30,3,2020,0,0,Mozambique,MZ,MOZ,29495962,Mozambique
29/03/2020,29,3,2020,1,0,Mozambique,MZ,MOZ,29495962,Mozambique
28/03/2020,28,3,2020,0,0,Mozambique,MZ,MOZ,29495962,Mozambique
27/03/2020,27,3,2020,2,0,Mozambique,MZ,MOZ,29495962,Mozambique
26/03/2020,26,3,2020,4,0,Mozambique,MZ,MOZ,29495962,Mozambique
25/03/2020,25,3,2020,0,0,Mozambique,MZ,MOZ,29495962,Mozambique
24/03/2020,24,3,2020,0,0,Mozambique,MZ,MOZ,29495962,Mozambique
23/03/2020,23,3,2020,1,0,Mozambique,MZ,MOZ,29495962,Mozambique
31/03/2020,31,3,2020,0,0,Namibia,NA,NAM,2448255,Namibia
30/03/2020,30,3,2020,3,0,Namibia,NA,NAM,2448255,Namibia
29/03/2020,29,3,2020,0,0,Namibia,NA,NAM,2448255,Namibia
28/03/2020,28,3,2020,0,0,Namibia,NA,NAM,2448255,Namibia
27/03/2020,27,3,2020,4,0,Namibia,NA,NAM,2448255,Namibia
26/03/2020,26,3,2020,1,0,Namibia,NA,NAM,2448255,Namibia
25/03/2020,25,3,2020,0,0,Namibia,NA,NAM,2448255,Namibia
24/03/2020,24,3,2020,0,0,Namibia,NA,NAM,2448255,Namibia
23/03/2020,23,3,2020,0,0,Namibia,NA,NAM,2448255,Namibia
22/03/2020,22,3,2020,0,0,Namibia,NA,NAM,2448255,Namibia
21/03/2020,21,3,2020,1,0,Namibia,NA,NAM,2448255,Namibia
20/03/2020,20,3,2020,0,0,Namibia,NA,NAM,2448255,Namibia
19/03/2020,19,3,2020,0,0,Namibia,NA,NAM,2448255,Namibia
18/03/2020,18,3,2020,0,0,Namibia,NA,NAM,2448255,Namibia
17/03/2020,17,3,2020,0,0,Namibia,NA,NAM,2448255,Namibia
16/03/2020,16,3,2020,0,0,Namibia,NA,NAM,2448255,Namibia
15/03/2020,15,3,2020,2,0,Namibia,NA,NAM,2448255,Namibia
31/03/2020,31,3,2020,10,2,Niger,NE,NER,22442948,Niger
30/03/2020,30,3,2020,0,0,Niger,NE,NER,22442948,Niger
29/03/2020,29,3,2020,0,0,Niger,NE,NER,22442948,Niger
28/03/2020,28,3,2020,0,0,Niger,NE,NER,22442948,Niger
27/03/2020,27,3,2020,3,0,Niger,NE,NER,22442948,Niger
26/03/2020,26,3,2020,0,0,Niger,NE,NER,22442948,Niger
25/03/2020,25,3,2020,5,1,Niger,NE,NER,22442948,Niger
24/03/2020,24,3,2020,1,0,Niger,NE,NER,22442948,Niger
23/03/2020,23,3,2020,0,0,Niger,NE,NER,22442948,Niger
22/03/2020,22,3,2020,0,0,Niger,NE,NER,22442948,Niger
21/03/2020,21,3,2020,1,0,Niger,NE,NER,22442948,Niger
31/03/2020,31,3,2020,34,1,Nigeria,NG,NGA,195874740,Nigeria
30/03/2020,30,3,2020,0,0,Nigeria,NG,NGA,195874740,Nigeria
29/03/2020,29,3,2020,16,0,Nigeria,NG,NGA,195874740,Nigeria
28/03/2020,28,3,2020,16,0,Nigeria,NG,NGA,195874740,Nigeria
27/03/2020,27,3,2020,14,0,Nigeria,NG,NGA,195874740,Nigeria
26/03/2020,26,3,2020,7,0,Nigeria,NG,NGA,195874740,Nigeria
25/03/2020,25,3,2020,4,0,Nigeria,NG,NGA,195874740,Nigeria
24/03/2020,24,3,2020,10,1,Nigeria,NG,NGA,195874740,Nigeria
23/03/2020,23,3,2020,8,0,Nigeria,NG,NGA,195874740,Nigeria
22/03/2020,22,3,2020,10,0,Nigeria,NG,NGA,195874740,Nigeria
21/03/2020,21,3,2020,4,0,Nigeria,NG,NGA,195874740,Nigeria
20/03/2020,20,3,2020,0,0,Nigeria,NG,NGA,195874740,Nigeria
19/03/2020,19,3,2020,5,0,Nigeria,NG,NGA,195874740,Nigeria
18/03/2020,18,3,2020,1,0,Nigeria,NG,NGA,195874740,Nigeria
17/03/2020,17,3,2020,0,0,Nigeria,NG,NGA,195874740,Nigeria
16/03/2020,16,3,2020,0,0,Nigeria,NG,NGA,195874740,Nigeria
15/03/2020,15,3,2020,0,0,Nigeria,NG,NGA,195874740,Nigeria
10/03/2020,10,3,2020,1,0,Nigeria,NG,NGA,195874740,Nigeria
02/03/2020,2,3,2020,0,0,Nigeria,NG,NGA,195874740,Nigeria
01/03/2020,1,3,2020,0,0,Nigeria,NG,NGA,195874740,Nigeria
29/02/2020,29,2,2020,0,0,Nigeria,NG,NGA,195874740,Nigeria
28/02/2020,28,2,2020,1,0,Nigeria,NG,NGA,195874740,Nigeria
27/02/2020,27,2,2020,0,0,Nigeria,NG,NGA,195874740,Nigeria
26/02/2020,26,2,2020,0,0,Nigeria,NG,NGA,195874740,Nigeria
25/02/2020,25,2,2020,0,0,Nigeria,NG,NGA,195874740,Nigeria
24/02/2020,24,2,2020,0,0,Nigeria,NG,NGA,195874740,Nigeria
23/02/2020,23,2,2020,0,0,Nigeria,NG,NGA,195874740,Nigeria
22/02/2020,22,2,2020,0,0,Nigeria,NG,NGA,195874740,Nigeria
21/02/2020,21,2,2020,0,0,Nigeria,NG,NGA,195874740,Nigeria
20/02/2020,20,2,2020,0,0,Nigeria,NG,NGA,195874740,Nigeria
19/02/2020,19,2,2020,0,0,Nigeria,NG,NGA,195874740,Nigeria
18/02/2020,18,2,2020,0,0,Nigeria,NG,NGA,195874740,Nigeria
17/02/2020,17,2,2020,0,0,Nigeria,NG,NGA,195874740,Nigeria
16/02/2020,16,2,2020,0,0,Nigeria,NG,NGA,195874740,Nigeria
15/02/2020,15,2,2020,0,0,Nigeria,NG,NGA,195874740,Nigeria
14/02/2020,14,2,2020,0,0,Nigeria,NG,NGA,195874740,Nigeria
13/02/2020,13,2,2020,0,0,Nigeria,NG,NGA,195874740,Nigeria
12/02/2020,12,2,2020,0,0,Nigeria,NG,NGA,195874740,Nigeria
11/02/2020,11,2,2020,0,0,Nigeria,NG,NGA,195874740,Nigeria
10/02/2020,10,2,2020,0,0,Nigeria,NG,NGA,195874740,Nigeria
09/02/2020,9,2,2020,0,0,Nigeria,NG,NGA,195874740,Nigeria
08/02/2020,8,2,2020,0,0,Nigeria,NG,NGA,195874740,Nigeria
07/02/2020,7,2,2020,0,0,Nigeria,NG,NGA,195874740,Nigeria
06/02/2020,6,2,2020,0,0,Nigeria,NG,NGA,195874740,Nigeria
05/02/2020,5,2,2020,0,0,Nigeria,NG,NGA,195874740,Nigeria
04/02/2020,4,2,2020,0,0,Nigeria,NG,NGA,195874740,Nigeria
03/02/2020,3,2,2020,0,0,Nigeria,NG,NGA,195874740,Nigeria
02/02/2020,2,2,2020,0,0,Nigeria,NG,NGA,195874740,Nigeria
01/02/2020,1,2,2020,0,0,Nigeria,NG,NGA,195874740,Nigeria
31/01/2020,31,1,2020,0,0,Nigeria,NG,NGA,195874740,Nigeria
30/01/2020,30,1,2020,0,0,Nigeria,NG,NGA,195874740,Nigeria
29/01/2020,29,1,2020,0,0,Nigeria,NG,NGA,195874740,Nigeria
28/01/2020,28,1,2020,0,0,Nigeria,NG,NGA,195874740,Nigeria
27/01/2020,27,1,2020,0,0,Nigeria,NG,NGA,195874740,Nigeria
26/01/2020,26,1,2020,0,0,Nigeria,NG,NGA,195874740,Nigeria
25/01/2020,25,1,2020,0,0,Nigeria,NG,NGA,195874740,Nigeria
24/01/2020,24,1,2020,0,0,Nigeria,NG,NGA,195874740,Nigeria
23/01/2020,23,1,2020,0,0,Nigeria,NG,NGA,195874740,Nigeria
22/01/2020,22,1,2020,0,0,Nigeria,NG,NGA,195874740,Nigeria
21/01/2020,21,1,2020,0,0,Nigeria,NG,NGA,195874740,Nigeria
20/01/2020,20,1,2020,0,0,Nigeria,NG,NGA,195874740,Nigeria
19/01/2020,19,1,2020,0,0,Nigeria,NG,NGA,195874740,Nigeria
18/01/2020,18,1,2020,0,0,Nigeria,NG,NGA,195874740,Nigeria
17/01/2020,17,1,2020,0,0,Nigeria,NG,NGA,195874740,Nigeria
16/01/2020,16,1,2020,0,0,Nigeria,NG,NGA,195874740,Nigeria
15/01/2020,15,1,2020,0,0,Nigeria,NG,NGA,195874740,Nigeria
14/01/2020,14,1,2020,0,0,Nigeria,NG,NGA,195874740,Nigeria
13/01/2020,13,1,2020,0,0,Nigeria,NG,NGA,195874740,Nigeria
12/01/2020,12,1,2020,0,0,Nigeria,NG,NGA,195874740,Nigeria
11/01/2020,11,1,2020,0,0,Nigeria,NG,NGA,195874740,Nigeria
10/01/2020,10,1,2020,0,0,Nigeria,NG,NGA,195874740,Nigeria
09/01/2020,9,1,2020,0,0,Nigeria,NG,NGA,195874740,Nigeria
08/01/2020,8,1,2020,0,0,Nigeria,NG,NGA,195874740,Nigeria
07/01/2020,7,1,2020,0,0,Nigeria,NG,NGA,195874740,Nigeria
06/01/2020,6,1,2020,0,0,Nigeria,NG,NGA,195874740,Nigeria
05/01/2020,5,1,2020,0,0,Nigeria,NG,NGA,195874740,Nigeria
04/01/2020,4,1,2020,0,0,Nigeria,NG,NGA,195874740,Nigeria
03/01/2020,3,1,2020,0,0,Nigeria,NG,NGA,195874740,Nigeria
02/01/2020,2,1,2020,0,0,Nigeria,NG,NGA,195874740,Nigeria
01/01/2020,1,1,2020,0,0,Nigeria,NG,NGA,195874740,Nigeria
31/12/2019,31,12,2019,0,0,Nigeria,NG,NGA,195874740,Nigeria
31/03/2020,31,3,2020,0,0,Rwanda,RW,RWA,12301939,Rwanda
30/03/2020,30,3,2020,10,0,Rwanda,RW,RWA,12301939,Rwanda
29/03/2020,29,3,2020,6,0,Rwanda,RW,RWA,12301939,Rwanda
28/03/2020,28,3,2020,4,0,Rwanda,RW,RWA,12301939,Rwanda
27/03/2020,27,3,2020,9,0,Rwanda,RW,RWA,12301939,Rwanda
26/03/2020,26,3,2020,1,0,Rwanda,RW,RWA,12301939,Rwanda
25/03/2020,25,3,2020,4,0,Rwanda,RW,RWA,12301939,Rwanda
24/03/2020,24,3,2020,17,0,Rwanda,RW,RWA,12301939,Rwanda
23/03/2020,23,3,2020,2,0,Rwanda,RW,RWA,12301939,Rwanda
22/03/2020,22,3,2020,0,0,Rwanda,RW,RWA,12301939,Rwanda
21/03/2020,21,3,2020,6,0,Rwanda,RW,RWA,12301939,Rwanda
20/03/2020,20,3,2020,0,0,Rwanda,RW,RWA,12301939,Rwanda
19/03/2020,19,3,2020,4,0,Rwanda,RW,RWA,12301939,Rwanda
18/03/2020,18,3,2020,2,0,Rwanda,RW,RWA,12301939,Rwanda
17/03/2020,17,3,2020,0,0,Rwanda,RW,RWA,12301939,Rwanda
16/03/2020,16,3,2020,4,0,Rwanda,RW,RWA,12301939,Rwanda
15/03/2020,15,3,2020,1,0,Rwanda,RW,RWA,12301939,Rwanda
31/03/2020,31,3,2020,20,0,Senegal,SN,SEN,15854360,Senegal
30/03/2020,30,3,2020,12,0,Senegal,SN,SEN,15854360,Senegal
29/03/2020,29,3,2020,11,0,Senegal,SN,SEN,15854360,Senegal
28/03/2020,28,3,2020,14,0,Senegal,SN,SEN,15854360,Senegal
27/03/2020,27,3,2020,6,0,Senegal,SN,SEN,15854360,Senegal
26/03/2020,26,3,2020,13,0,Senegal,SN,SEN,15854360,Senegal
25/03/2020,25,3,2020,7,0,Senegal,SN,SEN,15854360,Senegal
24/03/2020,24,3,2020,12,0,Senegal,SN,SEN,15854360,Senegal
23/03/2020,23,3,2020,11,0,Senegal,SN,SEN,15854360,Senegal
22/03/2020,22,3,2020,9,0,Senegal,SN,SEN,15854360,Senegal
21/03/2020,21,3,2020,11,0,Senegal,SN,SEN,15854360,Senegal
20/03/2020,20,3,2020,0,0,Senegal,SN,SEN,15854360,Senegal
19/03/2020,19,3,2020,5,0,Senegal,SN,SEN,15854360,Senegal
18/03/2020,18,3,2020,4,0,Senegal,SN,SEN,15854360,Senegal
17/03/2020,17,3,2020,1,0,Senegal,SN,SEN,15854360,Senegal
16/03/2020,16,3,2020,5,0,Senegal,SN,SEN,15854360,Senegal
15/03/2020,15,3,2020,2,0,Senegal,SN,SEN,15854360,Senegal
14/03/2020,14,3,2020,13,0,Senegal,SN,SEN,15854360,Senegal
13/03/2020,13,3,2020,2,0,Senegal,SN,SEN,15854360,Senegal
06/03/2020,6,3,2020,1,0,Senegal,SN,SEN,15854360,Senegal
05/03/2020,5,3,2020,2,0,Senegal,SN,SEN,15854360,Senegal
03/03/2020,3,3,2020,1,0,Senegal,SN,SEN,15854360,Senegal
31/03/2020,31,3,2020,2,0,Seychelles,SC,SYC,96762,Seychelles
30/03/2020,30,3,2020,1,0,Seychelles,SC,SYC,96762,Seychelles
29/03/2020,29,3,2020,0,0,Seychelles,SC,SYC,96762,Seychelles
28/03/2020,28,3,2020,0,0,Seychelles,SC,SYC,96762,Seychelles
27/03/2020,27,3,2020,0,0,Seychelles,SC,SYC,96762,Seychelles
26/03/2020,26,3,2020,0,0,Seychelles,SC,SYC,96762,Seychelles
25/03/2020,25,3,2020,0,0,Seychelles,SC,SYC,96762,Seychelles
24/03/2020,24,3,2020,0,0,Seychelles,SC,SYC,96762,Seychelles
23/03/2020,23,3,2020,0,0,Seychelles,SC,SYC,96762,Seychelles
22/03/2020,22,3,2020,0,0,Seychelles,SC,SYC,96762,Seychelles
21/03/2020,21,3,2020,1,0,Seychelles,SC,SYC,96762,Seychelles
20/03/2020,20,3,2020,0,0,Seychelles,SC,SYC,96762,Seychelles
19/03/2020,19,3,2020,2,0,Seychelles,SC,SYC,96762,Seychelles
18/03/2020,18,3,2020,0,0,Seychelles,SC,SYC,96762,Seychelles
17/03/2020,17,3,2020,1,0,Seychelles,SC,SYC,96762,Seychelles
16/03/2020,16,3,2020,1,0,Seychelles,SC,SYC,96762,Seychelles
15/03/2020,15,3,2020,2,0,Seychelles,SC,SYC,96762,Seychelles
31/03/2020,31,3,2020,46,1,South_Africa,ZA,ZAF,57779622,South Africa
30/03/2020,30,3,2020,93,0,South_Africa,ZA,ZAF,57779622,South Africa
29/03/2020,29,3,2020,17,0,South_Africa,ZA,ZAF,57779622,South Africa
28/03/2020,28,3,2020,243,0,South_Africa,ZA,ZAF,57779622,South Africa
27/03/2020,27,3,2020,218,2,South_Africa,ZA,ZAF,57779622,South Africa
26/03/2020,26,3,2020,152,0,South_Africa,ZA,ZAF,57779622,South Africa
25/03/2020,25,3,2020,155,0,South_Africa,ZA,ZAF,57779622,South Africa
24/03/2020,24,3,2020,128,0,South_Africa,ZA,ZAF,57779622,South Africa
23/03/2020,23,3,2020,34,0,South_Africa,ZA,ZAF,57779622,South Africa
22/03/2020,22,3,2020,35,0,South_Africa,ZA,ZAF,57779622,South Africa
21/03/2020,21,3,2020,55,0,South_Africa,ZA,ZAF,57779622,South Africa
20/03/2020,20,3,2020,34,0,South_Africa,ZA,ZAF,57779622,South Africa
19/03/2020,19,3,2020,31,0,South_Africa,ZA,ZAF,57779622,South Africa
18/03/2020,18,3,2020,23,0,South_Africa,ZA,ZAF,57779622,South Africa
17/03/2020,17,3,2020,11,0,South_Africa,ZA,ZAF,57779622,South Africa
16/03/2020,16,3,2020,27,0,South_Africa,ZA,ZAF,57779622,South Africa
15/03/2020,15,3,2020,0,0,South_Africa,ZA,ZAF,57779622,South Africa
14/03/2020,14,3,2020,7,0,South_Africa,ZA,ZAF,57779622,South Africa
13/03/2020,13,3,2020,4,0,South_Africa,ZA,ZAF,57779622,South Africa
12/03/2020,12,3,2020,6,0,South_Africa,ZA,ZAF,57779622,South Africa
10/03/2020,10,3,2020,4,0,South_Africa,ZA,ZAF,57779622,South Africa
09/03/2020,9,3,2020,1,0,South_Africa,ZA,ZAF,57779622,South Africa
08/03/2020,8,3,2020,1,0,South_Africa,ZA,ZAF,57779622,South Africa
06/03/2020,6,3,2020,1,0,South_Africa,ZA,ZAF,57779622,South Africa
31/03/2020,31,3,2020,1,1,Sudan,SD,SDN,41801533,South Sudan
30/03/2020,30,3,2020,0,0,Sudan,SD,SDN,41801533,South Sudan
29/03/2020,29,3,2020,2,0,Sudan,SD,SDN,41801533,South Sudan
28/03/2020,28,3,2020,0,0,Sudan,SD,SDN,41801533,South Sudan
27/03/2020,27,3,2020,0,0,Sudan,SD,SDN,41801533,South Sudan
26/03/2020,26,3,2020,0,0,Sudan,SD,SDN,41801533,South Sudan
25/03/2020,25,3,2020,1,0,Sudan,SD,SDN,41801533,South Sudan
24/03/2020,24,3,2020,0,0,Sudan,SD,SDN,41801533,South Sudan
23/03/2020,23,3,2020,0,0,Sudan,SD,SDN,41801533,South Sudan
22/03/2020,22,3,2020,0,0,Sudan,SD,SDN,41801533,South Sudan
21/03/2020,21,3,2020,0,0,Sudan,SD,SDN,41801533,South Sudan
20/03/2020,20,3,2020,0,0,Sudan,SD,SDN,41801533,South Sudan
19/03/2020,19,3,2020,1,0,Sudan,SD,SDN,41801533,South Sudan
18/03/2020,18,3,2020,0,0,Sudan,SD,SDN,41801533,South Sudan
17/03/2020,17,3,2020,0,0,Sudan,SD,SDN,41801533,South Sudan
16/03/2020,16,3,2020,0,0,Sudan,SD,SDN,41801533,South Sudan
15/03/2020,15,3,2020,0,1,Sudan,SD,SDN,41801533,South Sudan
14/03/2020,14,3,2020,1,0,Sudan,SD,SDN,41801533,South Sudan
31/03/2020,31,3,2020,4,0,Togo,TG,TGO,7889094,Togo
30/03/2020,30,3,2020,2,0,Togo,TG,TGO,7889094,Togo
29/03/2020,29,3,2020,3,0,Togo,TG,TGO,7889094,Togo
28/03/2020,28,3,2020,1,1,Togo,TG,TGO,7889094,Togo
27/03/2020,27,3,2020,1,0,Togo,TG,TGO,7889094,Togo
26/03/2020,26,3,2020,5,0,Togo,TG,TGO,7889094,Togo
25/03/2020,25,3,2020,0,0,Togo,TG,TGO,7889094,Togo
24/03/2020,24,3,2020,3,0,Togo,TG,TGO,7889094,Togo
23/03/2020,23,3,2020,0,0,Togo,TG,TGO,7889094,Togo
22/03/2020,22,3,2020,6,0,Togo,TG,TGO,7889094,Togo
21/03/2020,21,3,2020,8,0,Togo,TG,TGO,7889094,Togo
20/03/2020,20,3,2020,0,0,Togo,TG,TGO,7889094,Togo
19/03/2020,19,3,2020,0,0,Togo,TG,TGO,7889094,Togo
18/03/2020,18,3,2020,0,0,Togo,TG,TGO,7889094,Togo
17/03/2020,17,3,2020,0,0,Togo,TG,TGO,7889094,Togo
16/03/2020,16,3,2020,0,0,Togo,TG,TGO,7889094,Togo
15/03/2020,15,3,2020,0,0,Togo,TG,TGO,7889094,Togo
07/03/2020,7,3,2020,1,0,Togo,TG,TGO,7889094,Togo
31/03/2020,31,3,2020,0,0,Uganda,UG,UGA,42723139,Uganda
30/03/2020,30,3,2020,3,0,Uganda,UG,UGA,42723139,Uganda
29/03/2020,29,3,2020,16,0,Uganda,UG,UGA,42723139,Uganda
28/03/2020,28,3,2020,0,0,Uganda,UG,UGA,42723139,Uganda
27/03/2020,27,3,2020,0,0,Uganda,UG,UGA,42723139,Uganda
26/03/2020,26,3,2020,5,0,Uganda,UG,UGA,42723139,Uganda
25/03/2020,25,3,2020,0,0,Uganda,UG,UGA,42723139,Uganda
24/03/2020,24,3,2020,8,0,Uganda,UG,UGA,42723139,Uganda
23/03/2020,23,3,2020,0,0,Uganda,UG,UGA,42723139,Uganda
22/03/2020,22,3,2020,1,0,Uganda,UG,UGA,42723139,Uganda
31/03/2020,31,3,2020,5,0,United_Republic_of_Tanzania,TZ,TZA,56318348,United Republic of Tanzania
30/03/2020,30,3,2020,1,0,United_Republic_of_Tanzania,TZ,TZA,56318348,United Republic of Tanzania
29/03/2020,29,3,2020,0,1,United_Republic_of_Tanzania,TZ,TZA,56318348,United Republic of Tanzania
28/03/2020,28,3,2020,0,0,United_Republic_of_Tanzania,TZ,TZA,56318348,United Republic of Tanzania
27/03/2020,27,3,2020,1,0,United_Republic_of_Tanzania,TZ,TZA,56318348,United Republic of Tanzania
26/03/2020,26,3,2020,0,0,United_Republic_of_Tanzania,TZ,TZA,56318348,United Republic of Tanzania
25/03/2020,25,3,2020,0,0,United_Republic_of_Tanzania,TZ,TZA,56318348,United Republic of Tanzania
24/03/2020,24,3,2020,0,0,United_Republic_of_Tanzania,TZ,TZA,56318348,United Republic of Tanzania
23/03/2020,23,3,2020,6,0,United_Republic_of_Tanzania,TZ,TZA,56318348,United Republic of Tanzania
22/03/2020,22,3,2020,3,0,United_Republic_of_Tanzania,TZ,TZA,56318348,United Republic of Tanzania
21/03/2020,21,3,2020,0,0,United_Republic_of_Tanzania,TZ,TZA,56318348,United Republic of Tanzania
20/03/2020,20,3,2020,0,0,United_Republic_of_Tanzania,TZ,TZA,56318348,United Republic of Tanzania
19/03/2020,19,3,2020,2,0,United_Republic_of_Tanzania,TZ,TZA,56318348,United Republic of Tanzania
18/03/2020,18,3,2020,0,0,United_Republic_of_Tanzania,TZ,TZA,56318348,United Republic of Tanzania
17/03/2020,17,3,2020,1,0,United_Republic_of_Tanzania,TZ,TZA,56318348,United Republic of Tanzania
31/03/2020,31,3,2020,6,0,Zambia,ZM,ZMB,17351822,Zambia
30/03/2020,30,3,2020,1,0,Zambia,ZM,ZMB,17351822,Zambia
29/03/2020,29,3,2020,12,0,Zambia,ZM,ZMB,17351822,Zambia
28/03/2020,28,3,2020,2,0,Zambia,ZM,ZMB,17351822,Zambia
27/03/2020,27,3,2020,2,0,Zambia,ZM,ZMB,17351822,Zambia
26/03/2020,26,3,2020,9,0,Zambia,ZM,ZMB,17351822,Zambia
25/03/2020,25,3,2020,0,0,Zambia,ZM,ZMB,17351822,Zambia
24/03/2020,24,3,2020,0,0,Zambia,ZM,ZMB,17351822,Zambia
23/03/2020,23,3,2020,1,0,Zambia,ZM,ZMB,17351822,Zambia
22/03/2020,22,3,2020,0,0,Zambia,ZM,ZMB,17351822,Zambia
21/03/2020,21,3,2020,0,0,Zambia,ZM,ZMB,17351822,Zambia
20/03/2020,20,3,2020,0,0,Zambia,ZM,ZMB,17351822,Zambia
19/03/2020,19,3,2020,2,0,Zambia,ZM,ZMB,17351822,Zambia
31/03/2020,31,3,2020,0,0,Zimbabwe,ZW,ZWE,14439018,Zimbabwe
30/03/2020,30,3,2020,0,0,Zimbabwe,ZW,ZWE,14439018,Zimbabwe
29/03/2020,29,3,2020,2,0,Zimbabwe,ZW,ZWE,14439018,Zimbabwe
28/03/2020,28,3,2020,2,0,Zimbabwe,ZW,ZWE,14439018,Zimbabwe
27/03/2020,27,3,2020,0,0,Zimbabwe,ZW,ZWE,14439018,Zimbabwe
26/03/2020,26,3,2020,1,0,Zimbabwe,ZW,ZWE,14439018,Zimbabwe
25/03/2020,25,3,2020,0,0,Zimbabwe,ZW,ZWE,14439018,Zimbabwe
24/03/2020,24,3,2020,0,1,Zimbabwe,ZW,ZWE,14439018,Zimbabwe
23/03/2020,23,3,2020,0,0,Zimbabwe,ZW,ZWE,14439018,Zimbabwe
22/03/2020,22,3,2020,1,0,Zimbabwe,ZW,ZWE,14439018,Zimbabwe
21/03/2020,21,3,2020,1,0,Zimbabwe,ZW,ZWE,14439018,Zimbabwe
